full_name,email,phone_number,national_id,age,gender,region,marital_status,income,balance,credit_score,transaction_amount,created_date,last_login_date,source_system_code,internal_batch_id
Person_001,person_001@example.com,555-0001,180-78-6890,51,M,Northeast,Divorced,40617.24,27800.38,508,437.09,2024-03-12,2024-12-16,SYS_A,BATCH-2159
Person_002,person_002@example.com,555-0002,494-48-8726,34,M,Midlands,Married,38986.05,18379.74,761,636.37,2024-01-31,2024-07-08,SYS_A,BATCH-3166
Person_003,person_003@example.com,555-0003,177-72-2813,32,M,West,Widowed,72004.43,20808.23,833,17.9,2024-04-04,2024-08-02,SYS_B,BATCH-2967
Person_004,person_004@example.com,555-0004,184-56-9779,38,M,West,Married,73832.34,24354.16,566,95.5,2024-01-24,2024-07-04,SYS_A,BATCH-2356
Person_005,person_005@example.com,555-0005,761-77-7456,55,F,Northwest,Single,37513.51,5642.59,567,352.78,2024-03-12,2024-09-13,SYS_B,BATCH-2577
Person_006,person_006@example.com,555-0006,806-55-2152,33,M,Central,Divorced,40071.42,21038.9,326,75.78,2024-01-28,2024-12-29,SYS_A,BATCH-3845
Person_007,person_007@example.com,555-0007,854-50-5502,75,F,Southeast,Married,64251.83,12643.45,839,84.27,2024-10-05,2024-11-02,SYS_B,BATCH-5999
Person_008,person_008@example.com,555-0008,433-26-9339,48,M,West,Single,32409.53,-5000.0,309,375.96,2024-08-03,2024-09-28,SYS_B,BATCH-4581
Person_009,person_009@example.com,555-0009,802-67-4621,72,F,South,Single,39924.0,-2025.36,314,365.92,2024-07-08,2024-07-25,SYS_B,BATCH-4786
Person_010,person_010@example.com,555-0010,839-58-4990,61,M,Southeast,Married,51266.68,6855.06,560,28.31,2024-10-22,2024-09-02,SYS_A,BATCH-3211
Person_011,person_011@example.com,555-0011,504-30-1829,39,F,North,Single,80657.68,19249.79,302,120.87,2024-05-29,2024-10-04,SYS_A,BATCH-2359
Person_012,person_012@example.com,555-0012,598-89-1574,32,F,South,Single,36232.1,15910.4,390,125.98,2024-05-27,2024-08-18,SYS_A,BATCH-9989
Person_013,person_013@example.com,555-0013,871-83-3490,64,M,Northeast,Single,20000.0,16474.93,645,36.85,2024-03-16,2024-11-06,SYS_B,BATCH-6390
Person_014,person_014@example.com,555-0014,667-24-7822,38,F,Southeast,Married,20000.0,30607.55,688,80.6,2024-06-11,2024-12-27,SYS_A,BATCH-3066
Person_015,person_015@example.com,555-0015,729-41-1611,33,M,Southwest,Married,26115.74,4847.28,464,8.2,2024-03-04,2024-08-06,SYS_A,BATCH-8289
Person_016,person_016@example.com,555-0016,972-49-9037,76,M,East,Married,25423.17,14780.53,738,82.85,2024-08-03,2024-08-14,SYS_A,BATCH-8474
Person_017,person_017@example.com,555-0017,709-79-7838,48,F,North,Single,45374.0,17435.48,634,147.06,2024-12-30,2024-07-22,SYS_B,BATCH-9700
Person_018,person_018@example.com,555-0018,274-42-5200,21,F,Midlands,Single,27053.18,,425,101.06,2024-07-13,2024-11-10,SYS_B,BATCH-2431
Person_019,person_019@example.com,555-0019,547-13-5918,49,M,South,Married,34496.82,15226.61,692,379.79,2024-04-19,2024-09-22,SYS_B,BATCH-6759
Person_020,person_020@example.com,555-0020,238-76-7146,47,M,South,Married,33288.16,,626,387.7,2024-09-08,2024-08-20,SYS_B,BATCH-9821
Person_021,person_021@example.com,555-0021,929-76-4299,72,F,East,Married,39330.13,26279.25,747,206.85,2024-10-26,2024-08-08,SYS_B,BATCH-8259
Person_022,person_022@example.com,555-0022,969-46-3932,62,F,Central,Single,94963.91,9547.08,385,90.86,2024-06-21,2024-07-12,SYS_A,BATCH-3029
Person_023,person_023@example.com,555-0023,914-42-1687,30,Other,Southwest,Single,68252.8,31251.2,427,10.64,2024-04-01,2024-09-25,SYS_A,BATCH-9036
Person_024,person_024@example.com,555-0024,522-80-2705,27,F,Southeast,Single,49417.74,14740.21,467,36.13,2024-09-17,2024-11-02,SYS_A,BATCH-4794
Person_025,person_025@example.com,555-0025,516-21-7177,56,F,Southeast,Married,38928.69,23224.43,488,369.81,2024-03-09,2024-08-11,SYS_A,BATCH-5399
Person_026,person_026@example.com,555-0026,527-39-3041,20,M,South,Married,39473.45,14573.58,789,19.75,2024-12-30,2024-06-29,SYS_A,BATCH-6026
Person_027,person_027@example.com,555-0027,607-69-9461,38,F,East,Divorced,57749.69,14754.05,703,10.48,2024-04-26,2024-09-24,SYS_A,BATCH-7941
Person_028,person_028@example.com,555-0028,492-24-8493,26,M,Central,Married,65649.45,10327.77,599,124.54,2024-05-07,2024-11-01,SYS_A,BATCH-2082
Person_029,person_029@example.com,555-0029,666-72-1874,19,F,North,Married,31138.22,15952.99,597,462.52,2024-09-22,2024-08-31,SYS_A,BATCH-5852
Person_030,person_030@example.com,555-0030,380-78-8489,75,M,East,Married,49923.16,17543.99,788,283.14,2024-01-05,2024-08-14,SYS_B,BATCH-8350
Person_031,person_031@example.com,555-0031,491-81-8574,23,F,East,Single,20000.0,8725.93,546,433.32,2024-03-15,2024-07-27,SYS_B,BATCH-5935
Person_032,person_032@example.com,555-0032,448-89-3594,18,F,North,Married,54494.6,13999.64,424,109.11,2024-02-15,2024-11-14,SYS_B,BATCH-3471
Person_033,person_033@example.com,555-0033,315-70-6730,76,F,Central,Single,71759.43,10119.21,375,162.19,2024-05-22,2024-12-05,SYS_A,BATCH-1506
Person_034,person_034@example.com,555-0034,225-84-2798,29,F,Southeast,Married,42615.17,33397.31,481,133.2,2024-07-21,2024-11-18,SYS_A,BATCH-5942
Person_035,person_035@example.com,555-0035,823-10-8170,69,M,North,Single,121572.19,14282.15,659,293.5,2024-03-06,2024-10-02,SYS_B,BATCH-7329
Person_036,person_036@example.com,555-0036,807-79-6982,19,F,Central,Married,31551.64,27361.86,559,133.92,2024-05-05,2024-11-09,SYS_B,BATCH-5946
Person_037,person_037@example.com,555-0037,523-72-3493,27,M,Northwest,,54650.86,13435.02,532,322.88,2024-10-08,2024-09-10,SYS_A,BATCH-9813
Person_038,person_038@example.com,555-0038,801-59-5129,24,M,Southeast,Single,48150.54,17074.3,564,121.02,2024-12-09,2024-07-03,SYS_A,BATCH-6423
Person_039,person_039@example.com,555-0039,554-60-1335,62,M,Northwest,Married,46623.09,,837,102.74,2024-01-06,2024-09-05,SYS_A,BATCH-5573
Person_040,person_040@example.com,555-0040,225-31-2030,57,M,West,Married,46297.3,11423.42,849,186.61,2024-08-17,2024-11-06,SYS_B,BATCH-1499
Person_041,person_041@example.com,555-0041,495-69-6889,47,M,Northwest,Single,51717.55,16684.28,388,61.11,2024-01-10,2024-10-26,SYS_A,BATCH-6026
Person_042,person_042@example.com,555-0042,523-86-6086,33,F,South,Married,74905.26,27688.03,363,1828.45,2024-07-08,2024-12-29,SYS_B,BATCH-2517
Person_043,person_043@example.com,555-0043,171-78-6170,23,F,East,Married,97622.97,16775.86,434,176.34,2024-11-17,2024-12-30,SYS_A,BATCH-7521
Person_044,person_044@example.com,555-0044,670-60-5981,53,F,South,Widowed,48965.68,,769,201.58,2024-10-18,2024-08-12,SYS_B,BATCH-2450
Person_045,person_045@example.com,555-0045,181-59-8153,32,M,West,Widowed,73692.63,20125.83,553,195.69,2024-03-25,2024-06-30,SYS_B,BATCH-9159
Person_046,person_046@example.com,555-0046,373-63-1277,55,M,West,,34513.87,28019.21,775,6.63,2024-04-04,2024-08-18,SYS_B,BATCH-3718
Person_047,person_047@example.com,555-0047,412-48-9843,61,M,South,Married,71896.13,14527.66,656,216.3,2024-10-12,2024-12-08,SYS_A,BATCH-4905
Person_048,person_048@example.com,555-0048,292-34-4676,71,F,Southeast,Married,33490.07,34121.78,604,336.24,2024-10-26,2024-11-26,SYS_B,BATCH-2304
Person_049,person_049@example.com,555-0049,992-85-1312,49,F,East,Single,84569.59,11116.83,455,179.13,2024-04-12,2024-07-17,SYS_B,BATCH-2896
Person_050,person_050@example.com,555-0050,310-83-1524,18,M,East,Single,148052.24,8868.31,489,215.2,2024-01-02,2024-07-28,SYS_A,BATCH-9296
Person_051,person_051@example.com,555-0051,869-35-9257,35,F,North,Widowed,46117.97,5319.58,381,181.78,2024-06-11,2024-10-11,SYS_A,BATCH-3552
Person_052,person_052@example.com,555-0052,363-48-6956,71,M,West,Single,20000.0,33648.2,586,379.41,2024-08-14,2024-10-29,SYS_A,BATCH-5616
Person_053,person_053@example.com,555-0053,213-59-5544,51,M,East,Married,37270.73,21555.58,454,116.83,2024-06-10,2024-12-27,SYS_A,BATCH-9831
Person_054,person_054@example.com,555-0054,804-98-6978,57,M,East,Divorced,90756.7,12327.03,461,88.68,2024-12-07,2024-11-15,SYS_A,BATCH-6611
Person_055,person_055@example.com,555-0055,467-46-4761,46,M,South,Single,64636.75,24992.18,321,144.46,2024-10-23,2024-08-07,SYS_B,BATCH-1374
Person_056,person_056@example.com,555-0056,831-38-2502,28,F,Southeast,Married,55517.68,20501.54,740,187.64,2024-10-14,2024-07-05,SYS_B,BATCH-4217
Person_057,person_057@example.com,555-0057,400-12-1955,74,F,Midlands,Widowed,81172.69,30729.02,817,151.05,2024-01-08,2024-10-24,SYS_B,BATCH-4481
Person_058,person_058@example.com,555-0058,180-78-7500,66,M,Central,Married,62456.57,2617.34,574,158.62,2024-11-07,2024-10-09,SYS_B,BATCH-3485
Person_059,person_059@example.com,555-0059,726-51-7452,80,F,Northeast,Single,90116.86,12877.12,595,216.38,2024-10-02,2024-12-16,SYS_B,BATCH-3170
Person_060,person_060@example.com,555-0060,244-90-5508,71,F,Southwest,Single,77630.2,11299.83,810,6.41,2024-05-24,2024-10-13,SYS_B,BATCH-5528
Person_061,person_061@example.com,555-0061,943-23-5475,36,F,Midlands,Widowed,104909.17,-789.46,581,941.16,2024-08-03,2024-09-29,SYS_A,BATCH-4392
Person_062,person_062@example.com,555-0062,725-54-5014,34,F,Northeast,Single,58653.24,23482.62,643,151.6,2024-10-27,2024-08-24,SYS_B,BATCH-3648
Person_063,person_063@example.com,555-0063,249-43-3148,33,M,Southwest,Married,77082.36,12836.83,535,194.98,2024-11-26,2024-07-14,SYS_A,BATCH-4716
Person_064,person_064@example.com,555-0064,371-70-6671,75,F,Midlands,Single,42042.51,20917.05,583,384.72,2024-07-20,2024-12-08,SYS_A,BATCH-4092
Person_065,person_065@example.com,555-0065,645-42-9636,53,M,Northwest,Married,36288.99,33878.18,587,144.5,2024-01-16,2024-11-28,SYS_A,BATCH-3058
Person_066,person_066@example.com,555-0066,178-40-2061,46,Other,West,Widowed,115080.12,,691,253.95,2024-08-13,2024-07-29,SYS_B,BATCH-5074
Person_067,person_067@example.com,555-0067,404-95-4296,79,M,North,Married,54617.1,11630.78,632,865.21,2024-09-05,2024-11-06,SYS_A,BATCH-9479
Person_068,person_068@example.com,555-0068,916-54-7296,56,F,North,Widowed,73309.12,15949.31,577,210.69,2024-01-22,2024-09-04,SYS_B,BATCH-5551
Person_069,person_069@example.com,555-0069,511-33-7877,75,M,Central,Single,52149.51,22897.98,341,431.82,2024-10-25,2024-09-17,SYS_B,BATCH-6377
Person_070,person_070@example.com,555-0070,971-33-8007,80,M,Central,Married,36561.18,10466.3,798,296.8,2024-03-14,2024-12-03,SYS_A,BATCH-9857
Person_071,person_071@example.com,555-0071,334-73-8100,23,F,West,Divorced,49290.74,9952.31,789,148.02,2024-11-21,2024-12-01,SYS_A,BATCH-6521
Person_072,person_072@example.com,555-0072,503-75-3449,40,F,Central,Married,100508.44,23457.51,401,170.86,2024-07-20,2024-08-03,SYS_A,BATCH-3009
Person_073,person_073@example.com,555-0073,171-18-5022,64,M,Central,Single,64706.7,18029.11,461,49.85,2024-04-27,2024-08-24,SYS_B,BATCH-4585
Person_074,person_074@example.com,555-0074,911-21-5101,69,F,Northwest,Divorced,20832.37,-1357.83,836,206.28,2024-01-22,2024-11-27,SYS_A,BATCH-5391
Person_075,person_075@example.com,555-0075,732-28-7493,27,F,North,Married,44019.05,5196.87,476,155.45,2024-01-07,2024-12-15,SYS_B,BATCH-5272
Person_076,person_076@example.com,555-0076,375-81-6212,38,M,South,Married,119508.99,27009.89,747,127.71,2024-09-27,2024-07-13,SYS_A,BATCH-2345
Person_077,person_077@example.com,555-0077,591-25-5168,52,F,Northwest,Widowed,44050.92,18215.43,732,51.43,2024-05-17,2024-11-30,SYS_B,BATCH-1952
Person_078,person_078@example.com,555-0078,870-11-7825,68,F,Southwest,Single,20000.0,8902.43,774,160.55,2024-11-02,2024-09-27,SYS_B,BATCH-4149
Person_079,person_079@example.com,555-0079,542-74-6969,25,F,Midlands,Single,126313.78,13636.72,308,567.77,2024-03-25,2024-10-16,SYS_B,BATCH-9227
Person_080,person_080@example.com,555-0080,488-37-6645,55,M,Southwest,Single,68954.09,15105.89,566,49.98,2024-12-01,2024-07-12,SYS_B,BATCH-7455
Person_081,person_081@example.com,555-0081,226-61-1852,36,M,Southwest,Married,47334.45,20885.87,611,184.69,2024-12-09,2024-11-01,SYS_A,BATCH-8574
Person_082,person_082@example.com,555-0082,684-65-1759,31,F,East,Single,40712.53,4133.89,761,75.16,2024-02-07,2024-11-01,SYS_B,BATCH-2569
Person_083,person_083@example.com,555-0083,780-47-8081,50,F,West,Married,84219.01,8272.41,423,96.44,2024-08-24,2024-10-29,SYS_A,BATCH-4728
Person_084,person_084@example.com,555-0084,137-25-5445,44,F,South,Single,37384.38,17183.65,469,8.29,2024-12-08,2024-11-22,SYS_A,BATCH-6231
Person_085,person_085@example.com,555-0085,269-39-6944,58,Other,Northeast,Married,87040.45,14201.32,399,502.09,2024-04-27,2024-12-21,SYS_A,BATCH-4908
Person_086,person_086@example.com,555-0086,229-70-1930,38,F,Midlands,Single,64286.03,19574.87,719,30.62,2024-01-25,2024-12-03,SYS_B,BATCH-4749
Person_087,person_087@example.com,555-0087,257-62-8140,69,F,East,Married,55400.34,5163.94,850,184.43,2024-11-15,2024-11-13,SYS_B,BATCH-4237
Person_088,person_088@example.com,555-0088,253-36-9325,22,F,Central,Single,52720.38,17857.03,377,191.12,2024-06-22,2024-12-27,SYS_B,BATCH-1464
Person_089,person_089@example.com,555-0089,989-61-5022,72,F,East,Married,44914.5,23732.67,428,244.38,2024-01-10,2024-10-31,SYS_A,BATCH-8714
Person_090,person_090@example.com,555-0090,411-64-6317,19,M,South,Married,82687.2,18894.55,469,45.0,2024-11-02,2024-10-31,SYS_A,BATCH-9396
Person_091,person_091@example.com,555-0091,364-12-2363,64,M,South,Married,31803.4,16112.89,789,388.49,2024-09-04,2024-10-07,SYS_B,BATCH-1727
Person_092,person_092@example.com,555-0092,961-47-5340,39,F,North,Divorced,21786.32,14232.93,545,112.16,2024-01-26,2024-11-18,SYS_B,BATCH-4722
Person_093,person_093@example.com,555-0093,519-79-1584,42,M,Midlands,Married,66650.65,8321.19,455,143.44,2024-04-04,2024-07-12,SYS_B,BATCH-5659
Person_094,person_094@example.com,555-0094,174-34-5379,19,M,West,Single,67212.81,14424.01,477,39.02,2024-01-07,2024-09-30,SYS_A,BATCH-8054
Person_095,person_095@example.com,555-0095,703-53-4970,62,F,Northwest,Divorced,62325.17,25077.65,629,52.03,2024-12-14,2024-09-15,SYS_A,BATCH-9879
Person_096,person_096@example.com,555-0096,943-24-6144,28,M,Southeast,Single,60105.95,14047.77,513,14.09,2024-01-10,2024-12-14,SYS_A,BATCH-4746
Person_097,person_097@example.com,555-0097,587-52-8267,59,M,South,Single,41761.49,7881.57,377,1.0,2024-10-17,2024-07-12,SYS_B,BATCH-7739
Person_098,person_098@example.com,555-0098,340-94-3983,63,F,South,Married,72674.17,11062.02,751,495.83,2024-07-05,2024-10-26,SYS_A,BATCH-9435
Person_099,person_099@example.com,555-0099,589-56-8647,71,F,Northwest,Single,47916.78,16606.8,532,8.28,2024-07-31,2024-08-02,SYS_B,BATCH-8471
Person_100,person_100@example.com,555-0100,494-35-1194,62,M,South,Single,38424.22,12011.89,441,149.74,2024-10-23,2024-12-09,SYS_A,BATCH-3613
Person_101,person_101@example.com,555-0101,426-83-1089,36,M,Midlands,Married,41942.48,18882.43,701,595.34,2024-11-22,2024-12-03,SYS_A,BATCH-8356
Person_102,person_102@example.com,555-0102,905-58-2262,64,M,North,Single,134634.62,19182.75,710,159.91,2024-02-16,2024-08-11,SYS_B,BATCH-4709
Person_103,person_103@example.com,555-0103,371-59-3840,70,F,Northeast,Divorced,20588.99,22111.87,385,37.9,2024-01-07,2024-12-07,SYS_A,BATCH-1157
Person_104,person_104@example.com,555-0104,197-69-7049,37,F,Northwest,Widowed,62937.29,26388.48,340,616.98,2024-02-15,2024-09-28,SYS_A,BATCH-7829
Person_105,person_105@example.com,555-0105,206-35-3194,25,M,South,Married,21172.21,22966.87,325,315.61,2024-09-06,2024-12-25,SYS_B,BATCH-8517
Person_106,person_106@example.com,555-0106,692-74-7542,74,F,East,Married,46438.46,7526.09,721,4.75,2024-07-26,2024-11-11,SYS_A,BATCH-4092
Person_107,person_107@example.com,555-0107,943-78-3885,27,M,Midlands,Married,39465.66,7771.72,644,379.01,2024-01-31,2024-07-05,SYS_B,BATCH-5057
Person_108,person_108@example.com,555-0108,196-64-9243,55,M,South,Widowed,20000.0,14393.83,736,303.86,2024-03-26,2024-08-05,SYS_A,BATCH-4278
Person_109,person_109@example.com,555-0109,976-30-3127,32,Other,West,Single,59546.86,11390.6,645,456.02,2024-07-15,2024-09-11,SYS_A,BATCH-2053
Person_110,person_110@example.com,555-0110,133-22-5993,25,M,West,Single,40537.43,5893.39,521,263.84,2024-09-23,2024-08-07,SYS_A,BATCH-9952
Person_111,person_111@example.com,555-0111,591-43-3789,66,M,South,Married,20000.0,11466.47,624,57.29,2024-05-05,2024-07-23,SYS_A,BATCH-1203
Person_112,person_112@example.com,555-0112,845-50-8273,27,M,Northwest,Married,74591.66,11203.9,698,268.77,2024-12-12,2024-12-26,SYS_A,BATCH-5999
Person_113,person_113@example.com,555-0113,965-38-2824,60,F,Northwest,Single,100458.81,9625.22,519,313.47,2024-12-28,2024-12-06,SYS_B,BATCH-1134
Person_114,person_114@example.com,555-0114,956-66-3617,61,F,West,Married,103265.87,12473.68,804,406.29,2024-10-06,2024-09-17,SYS_A,BATCH-7203
Person_115,person_115@example.com,555-0115,659-55-9148,21,Other,Northwest,Single,58657.94,24427.61,795,126.4,2024-06-14,2024-08-07,SYS_A,BATCH-9106
Person_116,person_116@example.com,555-0116,330-98-9423,28,M,South,Widowed,50162.8,16593.9,741,143.94,2024-11-16,2024-08-01,SYS_B,BATCH-6790
Person_117,person_117@example.com,555-0117,262-24-5797,68,M,North,Single,95232.67,34774.47,846,189.03,2024-09-22,2024-12-15,SYS_A,BATCH-6454
Person_118,person_118@example.com,555-0118,140-36-4915,49,F,Central,Single,113685.57,16364.07,515,170.85,2024-07-08,2024-08-29,SYS_A,BATCH-8450
Person_119,person_119@example.com,555-0119,971-98-2363,25,M,Midlands,,86403.58,12679.47,362,144.66,2024-06-10,2024-07-01,SYS_B,BATCH-9767
Person_120,person_120@example.com,555-0120,901-18-7736,80,F,North,Single,30614.57,15033.06,566,82.13,2024-10-30,2024-09-10,SYS_B,BATCH-8755
Person_121,person_121@example.com,555-0121,860-89-3010,34,F,South,Single,54212.81,17051.94,710,42.11,2024-07-22,2024-09-21,SYS_A,BATCH-3082
Person_122,person_122@example.com,555-0122,903-20-5669,18,M,Central,Single,61068.9,18482.03,729,266.95,2024-03-07,2024-10-22,SYS_A,BATCH-6068
Person_123,person_123@example.com,555-0123,522-38-1199,76,F,Northwest,Single,20000.0,31613.69,514,383.18,2024-12-30,2024-08-30,SYS_A,BATCH-8368
Person_124,person_124@example.com,555-0124,794-39-6954,19,M,North,Single,61987.02,8237.44,461,180.67,2024-01-25,2024-12-16,SYS_B,BATCH-3650
Person_125,person_125@example.com,555-0125,468-43-8975,52,M,West,Married,150000.0,21872.37,545,167.13,2024-09-10,2024-10-26,SYS_A,BATCH-7076
Person_126,person_126@example.com,555-0126,184-75-7720,80,F,Southeast,Married,67505.75,16662.0,742,682.54,2024-08-27,2024-12-28,SYS_B,BATCH-1205
Person_127,person_127@example.com,555-0127,441-33-1047,54,F,West,Single,102406.61,2431.22,333,295.5,2024-08-01,2024-09-04,SYS_A,BATCH-8895
Person_128,person_128@example.com,555-0128,942-94-3168,54,F,South,Single,53715.53,21165.59,480,156.55,2024-01-19,2024-10-27,SYS_A,BATCH-6529
Person_129,person_129@example.com,555-0129,128-20-1608,42,F,South,Single,47258.64,25140.99,426,131.37,2024-06-28,2024-09-04,SYS_B,BATCH-7687
Person_130,person_130@example.com,555-0130,847-89-2379,25,Other,West,,59316.08,8142.59,744,117.09,2024-11-21,2024-11-05,SYS_A,BATCH-8428
Person_131,person_131@example.com,555-0131,771-25-4304,54,Other,Central,Single,32600.62,14928.53,558,211.92,2024-03-28,2024-11-13,SYS_A,BATCH-2968
Person_132,person_132@example.com,555-0132,638-74-8870,74,F,Southwest,Married,30276.05,1197.17,347,211.85,2024-09-09,2024-08-27,SYS_B,BATCH-5054
Person_133,person_133@example.com,555-0133,140-27-3524,23,M,Northeast,Widowed,92332.57,4929.55,444,394.96,2024-11-09,2024-12-19,SYS_B,BATCH-8726
Person_134,person_134@example.com,555-0134,378-98-7995,73,F,Southeast,Widowed,97360.04,23384.24,324,59.79,2024-12-13,2024-12-04,SYS_A,BATCH-2482
Person_135,person_135@example.com,555-0135,388-96-5493,44,Other,Midlands,Married,29865.13,11268.67,562,404.23,2024-07-07,2024-12-11,SYS_B,BATCH-8401
Person_136,person_136@example.com,555-0136,550-48-2294,51,M,West,Married,79538.73,6129.58,849,284.68,2024-04-24,2024-08-08,SYS_B,BATCH-3592
Person_137,person_137@example.com,555-0137,940-11-2568,28,M,West,Single,46935.05,16835.68,612,105.03,2024-09-12,2024-11-08,SYS_B,BATCH-6178
Person_138,person_138@example.com,555-0138,306-34-2186,57,M,Midlands,,58099.03,10820.7,779,72.79,2024-06-26,2024-07-18,SYS_A,BATCH-5589
Person_139,person_139@example.com,555-0139,116-70-9722,29,M,South,Married,61704.33,11233.43,709,282.05,2024-08-16,2024-07-18,SYS_B,BATCH-7177
Person_140,person_140@example.com,555-0140,209-36-5556,35,F,Southeast,Divorced,80593.66,20914.61,786,181.12,2024-09-27,2024-12-26,SYS_A,BATCH-8529
Person_141,person_141@example.com,555-0141,933-71-7894,63,M,Southeast,Divorced,51090.77,5706.13,471,41.73,2024-09-16,2024-07-27,SYS_B,BATCH-4140
Person_142,person_142@example.com,555-0142,622-47-2797,21,F,North,Married,99218.62,7757.08,824,146.65,2024-03-29,2024-12-05,SYS_B,BATCH-2545
Person_143,person_143@example.com,555-0143,877-81-1225,46,F,West,Married,57222.73,16232.64,431,305.37,2024-10-02,2024-09-16,SYS_A,BATCH-4805
Person_144,person_144@example.com,555-0144,743-17-7650,55,F,South,Divorced,66976.17,22755.28,541,298.93,2024-07-16,2024-08-24,SYS_B,BATCH-6508
Person_145,person_145@example.com,555-0145,842-21-4904,26,M,South,Single,32317.65,24905.28,675,208.82,2024-12-05,2024-07-12,SYS_A,BATCH-7753
Person_146,person_146@example.com,555-0146,211-60-9347,36,M,West,Widowed,144253.8,9679.51,458,293.54,2024-08-28,2024-10-31,SYS_A,BATCH-7779
Person_147,person_147@example.com,555-0147,172-45-9757,39,F,East,Single,62001.41,22499.02,445,232.59,2024-11-21,2024-11-09,SYS_B,BATCH-4059
Person_148,person_148@example.com,555-0148,370-21-5396,59,F,Northwest,Widowed,70017.38,8726.86,371,207.85,2024-12-23,2024-09-23,SYS_B,BATCH-9423
Person_149,person_149@example.com,555-0149,557-68-3823,79,F,Midlands,Married,21936.5,29609.67,302,78.89,2024-12-28,2024-11-25,SYS_B,BATCH-1748
Person_150,person_150@example.com,555-0150,959-56-3577,70,F,Northwest,Single,32488.74,5929.83,576,315.12,2024-09-28,2024-08-27,SYS_B,BATCH-2050
Person_151,person_151@example.com,555-0151,963-92-5491,29,M,South,Married,91029.77,25627.83,843,175.08,2024-08-06,2024-10-09,SYS_B,BATCH-1222
Person_152,person_152@example.com,555-0152,122-63-5996,19,F,East,Single,56581.96,9748.11,421,367.19,2024-02-13,2024-08-21,SYS_A,BATCH-9336
Person_153,person_153@example.com,555-0153,233-66-8566,21,M,South,Married,20000.0,31105.97,542,283.5,2024-05-20,2024-10-14,SYS_B,BATCH-2620
Person_154,person_154@example.com,555-0154,195-74-2262,55,M,North,Married,82383.87,19730.57,815,9.13,2024-06-22,2024-07-24,SYS_A,BATCH-6412
Person_155,person_155@example.com,555-0155,773-47-1058,27,F,Midlands,Married,37350.76,6871.87,725,147.38,2024-10-11,2024-09-25,SYS_A,BATCH-8315
Person_156,person_156@example.com,555-0156,968-24-6363,32,M,West,Divorced,99275.94,10822.09,302,112.55,2024-08-02,2024-10-08,SYS_A,BATCH-7899
Person_157,person_157@example.com,555-0157,263-93-7644,71,M,South,,46914.5,21249.45,575,80.47,2024-06-09,2024-10-09,SYS_A,BATCH-9538
Person_158,person_158@example.com,555-0158,823-48-5205,73,M,Southwest,Single,54304.01,23421.16,378,212.04,2024-02-23,2024-09-19,SYS_A,BATCH-1483
Person_159,person_159@example.com,555-0159,670-79-8621,70,M,West,,88386.74,14434.28,436,71.08,2024-09-18,2024-10-26,SYS_B,BATCH-4663
Person_160,person_160@example.com,555-0160,116-69-1982,33,F,North,Single,31296.25,15357.27,435,41.62,2024-06-06,2024-10-01,SYS_B,BATCH-5554
Person_161,person_161@example.com,555-0161,358-83-3254,57,M,South,Married,29839.15,21066.82,637,42.43,2024-01-14,2024-08-20,SYS_A,BATCH-7264
Person_162,person_162@example.com,555-0162,816-51-3093,56,F,Northeast,Single,44433.58,16054.39,409,49.05,2024-04-13,2024-08-07,SYS_A,BATCH-6603
Person_163,person_163@example.com,555-0163,400-57-7885,29,F,Northwest,Married,74130.8,,438,203.64,2024-11-17,2024-10-26,SYS_B,BATCH-6038
Person_164,person_164@example.com,555-0164,644-93-8808,52,M,South,Married,25199.04,8496.21,424,681.33,2024-02-13,2024-12-19,SYS_A,BATCH-3761
Person_165,person_165@example.com,555-0165,777-63-3608,51,M,Midlands,Divorced,21289.79,16880.96,496,96.66,2024-05-28,2024-11-15,SYS_B,BATCH-1958
Person_166,person_166@example.com,555-0166,470-20-4367,42,F,Southwest,Single,74002.97,24723.86,661,423.5,2024-07-05,2024-10-25,SYS_B,BATCH-4884
Person_167,person_167@example.com,555-0167,932-47-2023,65,F,Southwest,Divorced,36261.46,27927.86,520,48.69,2024-01-31,2024-12-16,SYS_A,BATCH-3336
Person_168,person_168@example.com,555-0168,686-95-8806,60,F,South,Married,40291.14,,480,102.07,2024-03-01,2024-12-12,SYS_B,BATCH-5988
Person_169,person_169@example.com,555-0169,346-50-5778,51,F,North,Single,20000.0,17298.33,585,420.63,2024-12-09,2024-09-30,SYS_B,BATCH-8173
Person_170,person_170@example.com,555-0170,322-33-3129,63,M,Southwest,Married,34909.36,20990.51,638,293.45,2024-08-03,2024-07-19,SYS_B,BATCH-5972
Person_171,person_171@example.com,555-0171,994-76-8566,66,M,East,Married,48835.67,9665.99,308,300.32,2024-03-17,2024-10-24,SYS_A,BATCH-6246
Person_172,person_172@example.com,555-0172,834-95-1947,53,F,Northeast,Single,78056.56,13774.15,790,365.46,2024-03-02,2024-10-22,SYS_B,BATCH-1376
Person_173,person_173@example.com,555-0173,892-15-5278,34,M,Southeast,Married,33335.72,8406.95,804,695.46,2024-06-04,2024-08-19,SYS_B,BATCH-6801
Person_174,person_174@example.com,555-0174,634-41-2315,65,F,North,Single,112272.93,5010.06,632,268.22,2024-09-21,2024-12-03,SYS_A,BATCH-4954
Person_175,person_175@example.com,555-0175,272-83-3868,63,F,Northwest,Married,34812.16,17668.39,616,36.13,2024-09-23,2024-12-06,SYS_B,BATCH-2113
Person_176,person_176@example.com,555-0176,378-92-2294,79,F,Midlands,Married,34837.65,16484.11,682,383.41,2024-03-12,2024-08-29,SYS_B,BATCH-2924
Person_177,person_177@example.com,555-0177,922-91-6386,27,M,Southeast,Married,105733.68,20501.22,542,345.34,2024-09-21,2024-09-25,SYS_A,BATCH-8025
Person_178,person_178@example.com,555-0178,248-23-3562,44,M,West,Divorced,54487.69,19368.89,501,401.38,2024-11-23,2024-08-04,SYS_A,BATCH-9249
Person_179,person_179@example.com,555-0179,619-23-5100,76,M,Southwest,Single,37197.16,16941.15,494,87.1,2024-03-23,2024-07-31,SYS_B,BATCH-5569
Person_180,person_180@example.com,555-0180,203-58-1190,50,M,Central,Widowed,45362.15,19452.93,388,192.98,2024-01-10,2024-08-17,SYS_A,BATCH-9788
Person_181,person_181@example.com,555-0181,737-14-2753,77,F,Southeast,Married,96426.54,14658.54,763,18.44,2024-12-15,2024-09-04,SYS_B,BATCH-2620
Person_182,person_182@example.com,555-0182,257-83-1480,18,M,Northwest,Widowed,102038.09,18303.13,476,87.21,2024-07-09,2024-08-18,SYS_A,BATCH-3696
Person_183,person_183@example.com,555-0183,485-62-5643,20,M,Southeast,Divorced,32584.87,9190.84,456,144.46,2024-10-10,2024-07-27,SYS_B,BATCH-9369
Person_184,person_184@example.com,555-0184,711-81-4542,68,M,East,Single,47991.69,17957.65,831,111.8,2024-04-26,2024-09-19,SYS_B,BATCH-2576
Person_185,person_185@example.com,555-0185,844-38-9858,40,M,North,Married,51281.14,20347.34,579,393.12,2024-04-19,2024-10-22,SYS_B,BATCH-6933
Person_186,person_186@example.com,555-0186,553-75-8874,50,F,South,Single,29937.88,9642.55,642,109.17,2024-03-23,2024-08-28,SYS_B,BATCH-2975
Person_187,person_187@example.com,555-0187,812-85-5828,44,M,Central,Divorced,47674.76,15414.66,435,1082.72,2024-03-20,2024-10-05,SYS_A,BATCH-3980
Person_188,person_188@example.com,555-0188,139-53-2633,43,Other,Central,Married,49151.44,10011.18,452,93.27,2024-06-21,2024-08-18,SYS_A,BATCH-5299
Person_189,person_189@example.com,555-0189,899-31-3052,77,M,Central,Single,86690.95,10787.95,701,175.08,2024-02-08,2024-11-06,SYS_B,BATCH-4239
Person_190,person_190@example.com,555-0190,324-67-6140,23,F,West,,89653.95,6000.57,548,18.25,2024-11-03,2024-10-26,SYS_B,BATCH-8869
Person_191,person_191@example.com,555-0191,953-47-3540,66,M,Northwest,Single,41580.86,25126.2,381,206.06,2024-07-05,2024-12-23,SYS_A,BATCH-9754
Person_192,person_192@example.com,555-0192,144-10-4362,74,M,Midlands,Married,44047.48,23525.48,760,116.86,2024-11-30,2024-07-08,SYS_B,BATCH-5499
Person_193,person_193@example.com,555-0193,932-56-9041,59,F,South,Married,68332.87,19299.47,521,905.61,2024-07-02,2024-12-03,SYS_B,BATCH-5726
Person_194,person_194@example.com,555-0194,191-18-8500,42,Other,Southeast,Single,36585.45,,668,170.21,2024-04-20,2024-08-30,SYS_A,BATCH-1498
Person_195,person_195@example.com,555-0195,195-14-4636,28,F,Northeast,Married,65796.38,13486.03,488,18.34,2024-07-06,2024-07-11,SYS_A,BATCH-3107
Person_196,person_196@example.com,555-0196,931-71-1891,61,M,Central,Divorced,46912.84,39254.1,608,24.45,2024-02-26,2024-11-03,SYS_B,BATCH-1358
Person_197,person_197@example.com,555-0197,852-85-8205,47,M,South,Single,30191.05,13179.76,727,20.71,2024-10-27,2024-07-30,SYS_B,BATCH-8708
Person_198,person_198@example.com,555-0198,911-31-9815,27,F,Northwest,Married,30381.27,17041.55,787,94.46,2024-09-19,2024-07-31,SYS_A,BATCH-3046
Person_199,person_199@example.com,555-0199,388-81-6213,40,M,Midlands,Single,101066.03,11817.78,414,83.49,2024-02-23,2024-12-27,SYS_B,BATCH-4065
Person_200,person_200@example.com,555-0200,800-65-6781,78,F,Southeast,Married,45332.94,17978.6,670,823.62,2024-07-31,2024-08-08,SYS_B,BATCH-8584
Person_201,person_201@example.com,555-0201,654-79-7650,34,F,Midlands,Single,111321.43,21684.92,803,46.11,2024-07-15,2024-10-08,SYS_A,BATCH-7418
Person_202,person_202@example.com,555-0202,220-83-5824,29,F,Midlands,Widowed,37918.02,,654,256.2,2024-03-14,2024-08-05,SYS_A,BATCH-6592
Person_203,person_203@example.com,555-0203,390-55-9701,60,F,East,Divorced,56704.15,29213.76,378,120.85,2024-02-14,2024-07-21,SYS_B,BATCH-1346
Person_204,person_204@example.com,555-0204,870-84-5164,30,F,Northeast,Single,150000.0,16913.19,404,267.0,2024-10-04,2024-06-29,SYS_A,BATCH-6066
Person_205,person_205@example.com,555-0205,804-44-7174,75,M,Central,Single,28891.61,17163.88,411,84.38,2024-04-06,2024-07-01,SYS_A,BATCH-6047
Person_206,person_206@example.com,555-0206,674-32-3397,72,M,Midlands,Married,20000.0,7728.02,358,14.94,2024-07-08,2024-09-24,SYS_A,BATCH-3870
Person_207,person_207@example.com,555-0207,154-22-4902,79,F,North,Married,93273.85,18347.99,715,54.63,2024-03-31,2024-09-17,SYS_B,BATCH-7703
Person_208,person_208@example.com,555-0208,529-24-4751,75,F,West,Married,32422.1,13927.78,831,102.09,2024-08-26,2024-07-06,SYS_A,BATCH-9363
Person_209,person_209@example.com,555-0209,643-30-4043,33,M,Southwest,Single,48515.9,10134.08,584,528.65,2024-01-18,2024-09-01,SYS_B,BATCH-3331
Person_210,person_210@example.com,555-0210,430-54-4297,31,M,East,Single,36572.1,8788.2,629,293.78,2024-05-11,2024-08-18,SYS_B,BATCH-3980
Person_211,person_211@example.com,555-0211,762-39-4904,39,F,Northwest,Widowed,56054.59,36374.11,726,56.95,2024-07-18,2024-10-12,SYS_A,BATCH-3900
Person_212,person_212@example.com,555-0212,441-26-7171,47,F,West,Married,30477.13,12892.18,529,143.39,2024-06-09,2024-12-30,SYS_A,BATCH-8513
Person_213,person_213@example.com,555-0213,311-36-8133,73,F,Midlands,Divorced,44802.98,3344.12,560,89.18,2024-08-11,2024-11-03,SYS_A,BATCH-1699
Person_214,person_214@example.com,555-0214,953-69-9246,64,M,Southwest,Married,61384.19,9414.23,624,5.55,2024-03-06,2024-12-15,SYS_A,BATCH-9062
Person_215,person_215@example.com,555-0215,867-52-7931,58,M,East,,29609.35,14587.46,467,37.72,2024-06-10,2024-08-03,SYS_B,BATCH-7974
Person_216,person_216@example.com,555-0216,395-50-5818,73,F,Northwest,Single,34542.92,19373.34,334,304.65,2024-10-03,2024-08-07,SYS_B,BATCH-5349
Person_217,person_217@example.com,555-0217,963-85-5402,58,M,East,Single,41204.74,19438.37,612,217.78,2024-05-01,2024-11-14,SYS_B,BATCH-6251
Person_218,person_218@example.com,555-0218,686-28-8238,41,F,Northeast,Widowed,23994.8,20412.92,752,116.54,2024-02-27,2024-08-25,SYS_B,BATCH-9047
Person_219,person_219@example.com,555-0219,597-57-7895,44,F,Northeast,Widowed,39684.64,9841.12,340,260.31,2024-11-05,2024-12-03,SYS_B,BATCH-7927
Person_220,person_220@example.com,555-0220,668-16-3593,50,M,Northwest,Single,52020.77,17723.52,419,422.76,2024-10-11,2024-09-22,SYS_B,BATCH-3490
Person_221,person_221@example.com,555-0221,258-75-1316,23,M,North,Married,40143.89,7991.52,444,406.19,2024-09-05,2024-08-05,SYS_B,BATCH-1453
Person_222,person_222@example.com,555-0222,281-63-7252,64,M,South,Married,42800.79,10042.86,743,33.68,2024-10-18,2024-12-02,SYS_A,BATCH-6925
Person_223,person_223@example.com,555-0223,552-86-9269,59,F,Southeast,Married,48535.42,7658.33,578,603.03,2024-10-11,2024-10-08,SYS_B,BATCH-2312
Person_224,person_224@example.com,555-0224,218-94-6528,64,F,Central,Single,35317.3,5492.89,594,42.74,2024-09-29,2024-11-24,SYS_A,BATCH-1791
Person_225,person_225@example.com,555-0225,671-18-6596,51,M,Central,Divorced,69253.66,23513.68,655,320.06,2024-07-04,2024-09-20,SYS_B,BATCH-9839
Person_226,person_226@example.com,555-0226,752-61-1760,67,F,North,Single,100507.64,20508.89,452,26.23,2024-01-08,2024-07-22,SYS_A,BATCH-5264
Person_227,person_227@example.com,555-0227,570-93-7510,77,M,East,Married,38863.46,22813.32,693,55.5,2024-08-05,2024-11-01,SYS_B,BATCH-6856
Person_228,person_228@example.com,555-0228,223-95-9628,53,M,Southwest,Single,62479.83,15314.5,316,327.98,2024-04-09,2024-07-22,SYS_B,BATCH-2955
Person_229,person_229@example.com,555-0229,252-81-4660,45,F,North,Single,43485.87,21214.46,362,78.92,2024-10-09,2024-10-29,SYS_A,BATCH-1915
Person_230,person_230@example.com,555-0230,633-49-8042,24,M,West,Married,58849.8,909.68,749,75.82,2024-06-19,2024-09-14,SYS_B,BATCH-1564
Person_231,person_231@example.com,555-0231,995-80-9381,67,M,Midlands,Single,107246.99,21904.7,662,640.35,2024-11-26,2024-11-22,SYS_B,BATCH-4188
Person_232,person_232@example.com,555-0232,950-18-3280,74,F,North,Married,63217.08,16416.96,397,41.13,2024-08-05,2024-12-06,SYS_B,BATCH-1033
Person_233,person_233@example.com,555-0233,748-62-1451,62,M,Southeast,Single,20197.07,20016.88,541,223.83,2024-07-19,2024-09-12,SYS_A,BATCH-4780
Person_234,person_234@example.com,555-0234,185-56-6544,72,F,South,Widowed,61512.63,18040.19,328,433.68,2024-12-01,2024-12-09,SYS_B,BATCH-3922
Person_235,person_235@example.com,555-0235,250-25-2163,72,M,Southwest,Married,90801.57,7103.56,670,218.83,2024-06-22,2024-07-19,SYS_B,BATCH-5740
Person_236,person_236@example.com,555-0236,607-10-6151,68,M,Southeast,Divorced,43879.47,3015.68,716,124.47,2024-05-17,2024-07-18,SYS_A,BATCH-6305
Person_237,person_237@example.com,555-0237,527-51-7112,49,M,Southwest,Single,80645.43,9303.57,453,5.56,2024-05-15,2024-12-29,SYS_A,BATCH-3775
Person_238,person_238@example.com,555-0238,569-74-7874,24,M,South,Single,34715.52,19519.34,492,277.0,2024-11-15,2024-10-13,SYS_B,BATCH-5096
Person_239,person_239@example.com,555-0239,927-81-5658,18,M,Central,Married,23323.82,20520.73,430,273.73,2024-10-03,2024-09-20,SYS_A,BATCH-1702
Person_240,person_240@example.com,555-0240,542-30-6395,30,M,Northwest,Married,52605.95,4056.46,514,206.31,2024-02-29,2024-07-27,SYS_A,BATCH-3715
Person_241,person_241@example.com,555-0241,225-92-8604,45,F,South,Single,20368.84,7151.21,450,198.79,2024-06-28,2024-08-21,SYS_B,BATCH-9802
Person_242,person_242@example.com,555-0242,207-79-2053,64,M,South,Single,43482.53,9214.11,436,289.77,2024-05-15,2024-11-02,SYS_A,BATCH-9919
Person_243,person_243@example.com,555-0243,748-17-5393,46,M,North,Married,93285.61,12141.56,537,37.82,2024-08-24,2024-11-28,SYS_A,BATCH-5371
Person_244,person_244@example.com,555-0244,691-74-4767,19,M,Midlands,Single,20000.0,4103.59,773,111.32,2024-01-20,2024-12-15,SYS_A,BATCH-9454
Person_245,person_245@example.com,555-0245,928-78-2874,31,M,Southeast,Married,25854.8,3623.59,720,525.49,2024-09-17,2024-09-12,SYS_A,BATCH-5511
Person_246,person_246@example.com,555-0246,703-75-4002,79,M,Northeast,Single,29260.21,,463,17.37,2024-09-28,2024-09-21,SYS_A,BATCH-2130
Person_247,person_247@example.com,555-0247,763-89-8353,80,F,Southeast,Single,47493.12,15690.03,819,736.61,2024-03-23,2024-07-29,SYS_B,BATCH-8810
Person_248,person_248@example.com,555-0248,785-66-3434,41,M,Central,Married,40828.74,5555.25,415,351.85,2024-02-24,2024-07-14,SYS_B,BATCH-4735
Person_249,person_249@example.com,555-0249,814-42-5789,68,F,Central,Married,98673.15,14073.57,801,103.35,2024-08-17,2024-09-18,SYS_B,BATCH-6511
Person_250,person_250@example.com,555-0250,382-37-2418,63,F,West,Single,78997.71,23468.42,470,160.63,2024-04-03,2024-10-14,SYS_A,BATCH-6838
Person_251,person_251@example.com,555-0251,964-23-1776,76,M,Northeast,Married,62795.36,4585.76,597,296.89,2024-12-09,2024-07-18,SYS_A,BATCH-3772
Person_252,person_252@example.com,555-0252,941-59-4940,73,M,South,Married,52723.43,13348.43,411,19.91,2024-10-09,2024-09-12,SYS_B,BATCH-7600
Person_253,person_253@example.com,555-0253,763-44-2151,57,M,Southwest,Married,59671.8,23198.05,719,180.55,2024-12-14,2024-10-25,SYS_A,BATCH-5511
Person_254,person_254@example.com,555-0254,755-25-5976,42,F,Northwest,Married,31856.89,11653.85,475,234.79,2024-07-14,2024-11-26,SYS_B,BATCH-4296
Person_255,person_255@example.com,555-0255,953-93-4246,57,M,East,Widowed,75252.56,10410.64,780,400.86,2024-12-08,2024-12-19,SYS_A,BATCH-3680
Person_256,person_256@example.com,555-0256,801-64-5313,38,F,Central,Married,28112.73,24307.97,345,439.88,2024-01-06,2024-08-30,SYS_B,BATCH-7715
Person_257,person_257@example.com,555-0257,225-43-6866,39,F,North,Divorced,74435.52,12550.38,576,702.58,2024-04-15,2024-09-09,SYS_B,BATCH-3243
Person_258,person_258@example.com,555-0258,986-10-7459,56,F,Midlands,Married,88704.97,23835.96,387,183.36,2024-01-01,2024-12-07,SYS_B,BATCH-2117
Person_259,person_259@example.com,555-0259,860-94-4813,53,F,Midlands,Single,54471.47,18431.72,789,472.06,2024-09-04,2024-11-04,SYS_A,BATCH-8934
Person_260,person_260@example.com,555-0260,206-34-8653,54,Other,Midlands,Married,44886.55,12257.24,529,71.95,2024-07-05,2024-08-18,SYS_A,BATCH-3985
Person_261,person_261@example.com,555-0261,889-66-2104,42,M,East,,59883.42,18837.52,671,192.25,2024-04-14,2024-11-02,SYS_B,BATCH-6768
Person_262,person_262@example.com,555-0262,209-52-6293,43,M,South,Widowed,20000.0,17563.6,784,250.04,2024-04-21,2024-07-28,SYS_A,BATCH-7447
Person_263,person_263@example.com,555-0263,129-71-5900,18,M,South,Married,57018.39,23167.06,595,141.23,2024-08-22,2024-09-20,SYS_B,BATCH-8544
Person_264,person_264@example.com,555-0264,111-18-5088,55,F,North,Single,46319.72,10613.24,331,217.85,2024-03-06,2024-08-24,SYS_A,BATCH-6630
Person_265,person_265@example.com,555-0265,749-83-4881,54,F,North,Married,47795.46,,421,576.35,2024-07-06,2024-12-29,SYS_B,BATCH-7370
Person_266,person_266@example.com,555-0266,365-96-5126,76,F,North,Single,69791.41,14507.87,417,261.05,2024-08-11,2024-07-05,SYS_A,BATCH-8534
Person_267,person_267@example.com,555-0267,383-49-1108,49,M,Midlands,Married,47222.02,20633.19,803,166.56,2024-03-28,2024-12-04,SYS_B,BATCH-9489
Person_268,person_268@example.com,555-0268,371-55-9265,47,Other,North,Married,27719.64,6798.57,800,543.52,2024-03-24,2024-08-20,SYS_B,BATCH-1421
Person_269,person_269@example.com,555-0269,763-79-5903,22,F,North,Married,45674.65,23135.82,562,590.48,2024-05-09,2024-07-05,SYS_B,BATCH-7688
Person_270,person_270@example.com,555-0270,199-44-9972,30,F,Northwest,Divorced,50704.9,18730.63,790,205.28,2024-08-04,2024-10-29,SYS_A,BATCH-2569
Person_271,person_271@example.com,555-0271,139-88-7159,39,Other,Central,Married,51920.39,4464.6,435,161.77,2024-04-02,2024-11-01,SYS_A,BATCH-9020
Person_272,person_272@example.com,555-0272,355-79-8531,41,M,Northwest,Married,53154.59,24666.1,674,412.52,2024-05-18,2024-07-25,SYS_A,BATCH-1436
Person_273,person_273@example.com,555-0273,138-19-6991,40,M,Northeast,Married,82428.33,32872.74,515,665.91,2024-07-17,2024-07-06,SYS_B,BATCH-3220
Person_274,person_274@example.com,555-0274,998-12-6990,42,F,Southwest,Divorced,28480.72,23014.67,432,136.7,2024-03-09,2024-07-19,SYS_A,BATCH-2728
Person_275,person_275@example.com,555-0275,222-67-6609,66,M,Northeast,Divorced,53522.12,26415.88,437,147.53,2024-07-26,2024-09-12,SYS_B,BATCH-6430
Person_276,person_276@example.com,555-0276,181-70-9072,26,M,Central,,93429.73,15682.97,531,435.15,2024-02-20,2024-07-23,SYS_A,BATCH-1038
Person_277,person_277@example.com,555-0277,876-12-3213,38,M,Southeast,Married,20592.75,1707.96,487,170.68,2024-02-22,2024-11-06,SYS_A,BATCH-1153
Person_278,person_278@example.com,555-0278,316-50-2287,28,M,West,Single,53627.83,247.04,416,177.16,2024-03-27,2024-07-13,SYS_B,BATCH-5537
Person_279,person_279@example.com,555-0279,868-79-8274,37,F,East,Divorced,36581.97,17040.66,484,263.99,2024-04-14,2024-11-21,SYS_A,BATCH-9744
Person_280,person_280@example.com,555-0280,278-11-9194,61,F,West,Married,40726.93,10264.17,370,35.33,2024-01-11,2024-12-07,SYS_A,BATCH-5754
Person_281,person_281@example.com,555-0281,359-68-9184,20,M,South,Married,31182.0,7683.39,834,214.76,2024-12-16,2024-11-08,SYS_B,BATCH-5012
Person_282,person_282@example.com,555-0282,132-10-1048,39,M,Northwest,Single,45036.32,14498.03,509,23.73,2024-04-22,2024-12-20,SYS_B,BATCH-6920
Person_283,person_283@example.com,555-0283,240-14-8379,19,M,South,Single,123084.67,19924.68,359,20.68,2024-10-20,2024-12-19,SYS_B,BATCH-5965
Person_284,person_284@example.com,555-0284,644-97-8212,78,F,South,Married,26050.31,3377.94,617,364.38,2024-11-25,2024-07-07,SYS_B,BATCH-4463
Person_285,person_285@example.com,555-0285,965-31-3589,63,F,South,,27315.1,11408.98,786,203.94,2024-10-19,2024-08-31,SYS_B,BATCH-6296
Person_286,person_286@example.com,555-0286,863-31-1515,33,F,Southwest,Single,25566.36,27078.97,498,4.74,2024-10-30,2024-11-16,SYS_B,BATCH-1028
Person_287,person_287@example.com,555-0287,701-81-9712,30,M,East,Divorced,116274.51,6397.69,765,198.55,2024-02-06,2024-08-30,SYS_A,BATCH-3200
Person_288,person_288@example.com,555-0288,934-20-7948,24,M,Southeast,Married,38903.14,21958.09,636,235.23,2024-05-15,2024-11-12,SYS_A,BATCH-7064
Person_289,person_289@example.com,555-0289,860-72-8377,47,M,Southwest,Single,48396.39,11122.15,707,52.08,2024-09-29,2024-11-19,SYS_A,BATCH-4073
Person_290,person_290@example.com,555-0290,853-49-1361,65,F,North,Single,40079.03,19366.35,463,51.83,2024-07-29,2024-12-30,SYS_B,BATCH-1488
Person_291,person_291@example.com,555-0291,510-27-2023,54,M,Southeast,Widowed,30570.43,23778.62,320,21.78,2024-01-03,2024-08-29,SYS_B,BATCH-2119
Person_292,person_292@example.com,555-0292,212-72-5540,73,F,East,Married,43583.1,20930.25,490,138.51,2024-07-26,2024-09-01,SYS_A,BATCH-8794
Person_293,person_293@example.com,555-0293,585-76-5933,39,F,South,Married,150000.0,22273.28,809,249.33,2024-10-20,2024-07-03,SYS_B,BATCH-3965
Person_294,person_294@example.com,555-0294,666-17-8659,35,M,Southeast,Single,98325.18,5787.25,735,844.06,2024-10-29,2024-08-20,SYS_A,BATCH-1203
Person_295,person_295@example.com,555-0295,503-23-8319,48,M,Midlands,Single,32001.28,23909.28,732,64.76,2024-05-20,2024-08-19,SYS_B,BATCH-7558
Person_296,person_296@example.com,555-0296,760-14-2737,30,M,East,Single,67764.05,8178.46,783,248.62,2024-03-27,2024-09-20,SYS_B,BATCH-5773
Person_297,person_297@example.com,555-0297,114-34-1899,79,M,Central,Married,32345.77,17076.33,505,129.0,2024-04-22,2024-09-14,SYS_B,BATCH-5062
Person_298,person_298@example.com,555-0298,738-56-9820,29,M,East,Single,20167.27,17065.97,477,232.11,2024-04-18,2024-12-04,SYS_B,BATCH-9053
Person_299,person_299@example.com,555-0299,773-64-5583,48,F,Central,Single,81613.95,18880.98,809,337.73,2024-05-06,2024-11-19,SYS_B,BATCH-3823
Person_300,person_300@example.com,555-0300,148-16-6546,50,M,Northeast,Married,87557.1,17695.65,614,119.84,2024-04-20,2024-11-10,SYS_A,BATCH-6151
Person_301,person_301@example.com,555-0301,103-13-2972,21,M,Northeast,Widowed,82704.24,8249.52,464,22.3,2024-06-15,2024-06-29,SYS_A,BATCH-7703
Person_302,person_302@example.com,555-0302,894-50-7385,47,F,Northeast,Married,38757.03,4201.06,453,376.92,2024-01-15,2024-09-24,SYS_B,BATCH-6475
Person_303,person_303@example.com,555-0303,469-25-4340,46,F,North,,45098.85,21978.79,783,183.71,2024-04-10,2024-11-10,SYS_A,BATCH-2871
Person_304,person_304@example.com,555-0304,182-78-2651,34,M,Southeast,Married,71316.48,16486.68,329,576.07,2024-04-24,2024-08-13,SYS_A,BATCH-7133
Person_305,person_305@example.com,555-0305,438-97-6327,26,F,Northeast,Married,59620.1,24195.01,333,51.71,2024-02-25,2024-09-15,SYS_A,BATCH-7689
Person_306,person_306@example.com,555-0306,512-58-8055,20,F,Southeast,Single,40262.72,14642.14,706,35.1,2024-11-16,2024-11-10,SYS_B,BATCH-2101
Person_307,person_307@example.com,555-0307,328-66-8853,18,F,North,,21817.42,3758.69,300,45.4,2024-09-03,2024-11-22,SYS_B,BATCH-2488
Person_308,person_308@example.com,555-0308,614-49-2306,48,F,West,Married,51892.92,22729.04,394,1017.79,2024-11-28,2024-12-04,SYS_B,BATCH-7073
Person_309,person_309@example.com,555-0309,323-94-5870,23,M,West,Married,84078.39,12037.04,845,457.76,2024-07-23,2024-09-16,SYS_B,BATCH-2070
Person_310,person_310@example.com,555-0310,370-47-6201,78,F,North,Divorced,26935.65,17736.03,534,76.12,2024-02-10,2024-09-10,SYS_B,BATCH-8922
Person_311,person_311@example.com,555-0311,583-72-3317,33,M,South,Widowed,67466.04,9820.32,700,91.57,2024-11-26,2024-09-07,SYS_B,BATCH-1985
Person_312,person_312@example.com,555-0312,683-49-9464,59,F,West,Single,57859.38,28154.41,568,246.52,2024-06-16,2024-10-30,SYS_B,BATCH-9767
Person_313,person_313@example.com,555-0313,241-23-5154,60,F,Southeast,Married,71330.13,7987.48,349,140.37,2024-09-06,2024-09-14,SYS_A,BATCH-7042
Person_314,person_314@example.com,555-0314,557-71-4635,49,M,South,Single,75810.17,12300.56,401,83.07,2024-05-19,2024-09-11,SYS_B,BATCH-4987
Person_315,person_315@example.com,555-0315,921-52-2163,73,M,Northwest,Married,34640.1,15859.59,719,98.08,2024-06-29,2024-07-30,SYS_A,BATCH-3415
Person_316,person_316@example.com,555-0316,207-96-2206,24,F,Central,,21840.48,6262.54,352,518.1,2024-06-27,2024-09-25,SYS_B,BATCH-4100
Person_317,person_317@example.com,555-0317,952-34-1840,32,F,Southeast,Single,37542.93,17644.16,627,278.76,2024-04-13,2024-08-11,SYS_B,BATCH-7735
Person_318,person_318@example.com,555-0318,373-64-4850,33,M,Central,Married,76463.11,,491,521.09,2024-07-21,2024-10-04,SYS_B,BATCH-7779
Person_319,person_319@example.com,555-0319,806-64-4606,26,F,Central,Married,37384.0,11076.3,504,662.61,2024-09-24,2024-12-10,SYS_B,BATCH-2877
Person_320,person_320@example.com,555-0320,670-96-4705,36,F,Northeast,Divorced,34647.41,18161.14,824,267.06,2024-01-08,2024-11-19,SYS_B,BATCH-5885
Person_321,person_321@example.com,555-0321,237-46-8560,37,F,Midlands,Single,20000.0,-5000.0,633,247.02,2024-02-17,2024-09-25,SYS_B,BATCH-9935
Person_322,person_322@example.com,555-0322,295-94-6294,66,M,Central,Single,117750.56,14688.57,638,39.87,2024-11-03,2024-12-26,SYS_A,BATCH-3315
Person_323,person_323@example.com,555-0323,640-38-9283,37,M,Central,,74076.74,12495.66,493,180.49,2024-07-26,2024-12-27,SYS_A,BATCH-7239
Person_324,person_324@example.com,555-0324,132-36-4765,73,F,Northeast,Single,72037.92,8452.02,510,90.33,2024-12-21,2024-09-19,SYS_B,BATCH-2549
Person_325,person_325@example.com,555-0325,529-52-2331,66,M,Southeast,Single,79527.86,23651.6,677,620.28,2024-08-08,2024-11-17,SYS_B,BATCH-8505
Person_326,person_326@example.com,555-0326,302-18-6151,74,F,North,Widowed,65405.01,12390.05,321,81.76,2024-08-26,2024-08-31,SYS_A,BATCH-2531
Person_327,person_327@example.com,555-0327,415-60-6306,24,M,Central,Single,43383.55,13580.18,430,101.51,2024-11-24,2024-12-08,SYS_B,BATCH-3678
Person_328,person_328@example.com,555-0328,731-58-6830,80,F,Central,Single,45166.82,11982.46,630,637.03,2024-08-29,2024-09-06,SYS_B,BATCH-5132
Person_329,person_329@example.com,555-0329,627-68-6549,56,M,Midlands,Married,39585.49,-334.53,643,973.97,2024-04-30,2024-08-15,SYS_B,BATCH-4335
Person_330,person_330@example.com,555-0330,384-31-8086,79,M,Central,Married,150000.0,5944.11,350,249.21,2024-07-11,2024-07-23,SYS_A,BATCH-2530
Person_331,person_331@example.com,555-0331,408-58-2772,40,F,West,Married,64728.44,22688.75,734,206.97,2024-03-26,2024-12-01,SYS_B,BATCH-6768
Person_332,person_332@example.com,555-0332,487-57-6633,78,F,Midlands,Married,38874.73,-1879.61,598,84.54,2024-05-02,2024-08-22,SYS_A,BATCH-1177
Person_333,person_333@example.com,555-0333,573-42-9654,55,F,West,Divorced,61867.38,8869.48,430,366.5,2024-09-05,2024-11-26,SYS_A,BATCH-9850
Person_334,person_334@example.com,555-0334,560-81-7629,22,Other,South,Single,29571.48,11802.24,714,172.83,2024-02-24,2024-07-14,SYS_B,BATCH-1468
Person_335,person_335@example.com,555-0335,601-88-2154,43,Other,South,Married,104011.15,28948.97,845,190.34,2024-09-02,2024-09-29,SYS_B,BATCH-4004
Person_336,person_336@example.com,555-0336,928-85-5532,26,F,North,Married,35223.38,21148.83,533,167.46,2024-08-01,2024-09-16,SYS_A,BATCH-9368
Person_337,person_337@example.com,555-0337,759-56-3418,77,M,North,Divorced,62978.12,10542.64,456,160.89,2024-04-22,2024-09-18,SYS_A,BATCH-2395
Person_338,person_338@example.com,555-0338,819-31-3829,37,F,West,Married,83532.31,25436.11,464,82.92,2024-01-17,2024-07-29,SYS_A,BATCH-1656
Person_339,person_339@example.com,555-0339,566-84-4454,32,F,Southeast,Married,59419.89,9075.87,626,1050.09,2024-09-14,2024-07-12,SYS_B,BATCH-7694
Person_340,person_340@example.com,555-0340,544-13-2042,52,M,Southeast,Single,51391.86,23072.8,326,332.89,2024-10-27,2024-09-01,SYS_B,BATCH-1658
Person_341,person_341@example.com,555-0341,150-16-8815,44,M,North,Single,49286.28,4128.98,566,1017.44,2024-09-23,2024-09-23,SYS_A,BATCH-9095
Person_342,person_342@example.com,555-0342,856-83-1500,24,F,Central,Single,47656.74,23586.06,313,1127.95,2024-06-02,2024-11-22,SYS_A,BATCH-5060
Person_343,person_343@example.com,555-0343,169-34-6087,69,F,South,Married,36741.08,11750.93,321,116.38,2024-08-26,2024-09-22,SYS_B,BATCH-8823
Person_344,person_344@example.com,555-0344,400-53-2556,71,F,Midlands,Single,39154.02,6771.97,536,166.01,2024-05-31,2024-08-13,SYS_A,BATCH-3205
Person_345,person_345@example.com,555-0345,756-37-1598,64,Other,South,Married,102723.4,13262.85,710,382.28,2024-05-10,2024-08-16,SYS_A,BATCH-2270
Person_346,person_346@example.com,555-0346,767-90-1132,56,F,Northeast,Single,46431.42,17218.75,786,102.2,2024-04-29,2024-10-20,SYS_A,BATCH-9663
Person_347,person_347@example.com,555-0347,492-83-7354,43,M,East,Divorced,33093.82,11042.01,348,639.99,2024-03-17,2024-09-17,SYS_B,BATCH-7858
Person_348,person_348@example.com,555-0348,870-46-4349,52,M,Northeast,Divorced,37867.6,19431.63,434,160.36,2024-12-19,2024-12-12,SYS_A,BATCH-9197
Person_349,person_349@example.com,555-0349,737-23-3154,50,M,West,Single,84981.2,10336.05,532,111.62,2024-08-31,2024-09-18,SYS_A,BATCH-3878
Person_350,person_350@example.com,555-0350,640-69-2076,28,M,Southeast,Single,68720.53,19962.98,616,134.55,2024-03-04,2024-10-11,SYS_A,BATCH-4642
Person_351,person_351@example.com,555-0351,556-42-5515,23,F,South,Single,64871.56,18537.78,843,19.48,2024-11-11,2024-07-10,SYS_A,BATCH-6194
Person_352,person_352@example.com,555-0352,961-16-9958,33,F,Midlands,Divorced,43098.32,14512.62,677,90.78,2024-02-25,2024-08-03,SYS_A,BATCH-5038
Person_353,person_353@example.com,555-0353,504-78-4819,46,M,Central,,65295.69,11468.94,596,1013.31,2024-08-04,2024-12-03,SYS_A,BATCH-3183
Person_354,person_354@example.com,555-0354,379-78-7188,28,M,Southeast,Married,35533.08,16212.33,333,133.9,2024-03-01,2024-08-31,SYS_A,BATCH-4375
Person_355,person_355@example.com,555-0355,229-72-7776,24,F,Southwest,Married,43053.25,19402.03,344,118.42,2024-05-11,2024-09-14,SYS_A,BATCH-6478
Person_356,person_356@example.com,555-0356,448-92-6767,71,M,Midlands,Married,79610.58,31494.39,384,225.16,2024-08-28,2024-10-16,SYS_A,BATCH-1340
Person_357,person_357@example.com,555-0357,399-10-7073,41,F,South,Married,75897.49,22515.36,664,214.34,2024-12-30,2024-07-09,SYS_B,BATCH-4023
Person_358,person_358@example.com,555-0358,287-77-5725,54,M,East,Married,30002.77,22807.92,482,30.9,2024-12-28,2024-09-30,SYS_A,BATCH-3635
Person_359,person_359@example.com,555-0359,519-24-7402,51,F,South,Widowed,31959.88,39708.1,432,268.14,2024-11-22,2024-09-01,SYS_B,BATCH-1632
Person_360,person_360@example.com,555-0360,249-47-8525,64,M,South,Single,51758.87,19127.67,669,30.08,2024-03-26,2024-07-26,SYS_B,BATCH-2103
Person_361,person_361@example.com,555-0361,927-98-9621,64,F,Central,Divorced,116199.78,18877.15,749,57.19,2024-02-04,2024-09-14,SYS_B,BATCH-5460
Person_362,person_362@example.com,555-0362,599-27-8550,36,M,Midlands,Single,20000.0,20632.12,541,14.79,2024-11-26,2024-09-19,SYS_B,BATCH-1921
Person_363,person_363@example.com,555-0363,820-98-6857,71,F,Midlands,Married,56340.36,6928.27,785,383.67,2024-12-02,2024-08-02,SYS_B,BATCH-4103
Person_364,person_364@example.com,555-0364,227-54-5033,41,M,Central,Divorced,24636.35,11448.79,704,314.98,2024-04-11,2024-10-07,SYS_A,BATCH-6047
Person_365,person_365@example.com,555-0365,857-44-3957,70,M,Northeast,Married,35697.45,10950.65,694,108.71,2024-01-07,2024-11-14,SYS_A,BATCH-8863
Person_366,person_366@example.com,555-0366,171-84-7797,43,F,Southwest,Married,40855.05,20180.91,778,270.89,2024-08-24,2024-08-17,SYS_A,BATCH-1888
Person_367,person_367@example.com,555-0367,137-48-5316,24,M,Midlands,,39725.39,13606.6,401,556.97,2024-01-28,2024-12-24,SYS_B,BATCH-4911
Person_368,person_368@example.com,555-0368,521-91-2355,65,M,South,Married,37537.74,16105.79,717,47.04,2024-01-15,2024-10-20,SYS_B,BATCH-1926
Person_369,person_369@example.com,555-0369,375-26-3196,19,M,Central,Married,49197.77,23699.64,827,118.89,2024-12-08,2024-11-19,SYS_B,BATCH-4856
Person_370,person_370@example.com,555-0370,915-93-1401,66,M,Northwest,,37510.35,21905.21,846,27.59,2024-06-29,2024-07-11,SYS_B,BATCH-5324
Person_371,person_371@example.com,555-0371,668-30-2732,20,M,East,Married,23594.56,13706.23,618,3.93,2024-02-10,2024-11-17,SYS_A,BATCH-8192
Person_372,person_372@example.com,555-0372,362-27-5411,31,F,West,Single,72398.06,9640.04,715,43.11,2024-08-26,2024-08-30,SYS_A,BATCH-4980
Person_373,person_373@example.com,555-0373,995-62-7508,56,M,Midlands,Single,71427.35,24082.2,789,250.58,2024-05-14,2024-11-07,SYS_A,BATCH-9418
Person_374,person_374@example.com,555-0374,543-11-1756,77,F,Midlands,Single,74726.28,21191.13,769,198.33,2024-07-14,2024-11-24,SYS_A,BATCH-2238
Person_375,person_375@example.com,555-0375,341-31-8564,43,Other,Midlands,Married,22688.94,2149.95,794,131.38,2024-11-24,2024-08-14,SYS_B,BATCH-1478
Person_376,person_376@example.com,555-0376,858-86-6737,25,M,Northwest,Single,56923.25,12494.77,758,221.67,2024-03-27,2024-08-15,SYS_A,BATCH-1040
Person_377,person_377@example.com,555-0377,599-67-4660,32,F,South,,68733.32,16324.12,510,470.95,2024-08-23,2024-07-10,SYS_B,BATCH-4210
Person_378,person_378@example.com,555-0378,702-80-7865,74,F,East,Married,29272.36,21230.64,702,209.26,2024-10-29,2024-10-18,SYS_B,BATCH-2736
Person_379,person_379@example.com,555-0379,651-15-7523,63,F,Central,Single,49246.16,,526,347.24,2024-06-03,2024-11-19,SYS_A,BATCH-1824
Person_380,person_380@example.com,555-0380,429-76-5855,24,M,Central,Married,46252.31,17271.25,741,159.58,2024-12-20,2024-09-12,SYS_B,BATCH-3122
Person_381,person_381@example.com,555-0381,892-40-9381,42,M,Central,Divorced,123139.77,19681.98,746,11.27,2024-06-12,2024-07-28,SYS_A,BATCH-9773
Person_382,person_382@example.com,555-0382,859-39-5342,34,M,Northeast,Single,128315.59,15513.09,815,133.15,2024-06-16,2024-08-26,SYS_B,BATCH-8201
Person_383,person_383@example.com,555-0383,577-78-7201,29,F,West,Single,21328.98,9609.19,624,489.44,2024-11-18,2024-09-11,SYS_B,BATCH-1167
Person_384,person_384@example.com,555-0384,865-42-5542,71,Other,Southeast,Single,150000.0,12909.88,561,228.9,2024-08-20,2024-12-15,SYS_A,BATCH-9238
Person_385,person_385@example.com,555-0385,487-90-3744,56,F,East,Single,31019.99,15151.93,391,1138.84,2024-11-13,2024-07-21,SYS_B,BATCH-2847
Person_386,person_386@example.com,555-0386,627-20-8651,29,M,East,Married,80044.39,14722.57,651,248.81,2024-10-15,2024-08-31,SYS_A,BATCH-4653
Person_387,person_387@example.com,555-0387,445-40-6245,58,F,North,Widowed,79638.19,-84.58,612,409.58,2024-09-17,2024-10-25,SYS_B,BATCH-3948
Person_388,person_388@example.com,555-0388,548-85-5782,44,M,South,Single,29796.76,11820.13,583,451.62,2024-03-29,2024-08-11,SYS_A,BATCH-4644
Person_389,person_389@example.com,555-0389,564-19-1197,21,F,Southwest,Married,62732.43,15449.65,672,192.4,2024-05-25,2024-12-09,SYS_A,BATCH-7845
Person_390,person_390@example.com,555-0390,458-98-9255,46,M,West,Single,46454.71,12749.04,768,161.62,2024-11-11,2024-12-14,SYS_A,BATCH-7411
Person_391,person_391@example.com,555-0391,665-66-4523,29,F,South,Married,64677.26,13025.41,381,249.92,2024-08-12,2024-09-07,SYS_A,BATCH-6345
Person_392,person_392@example.com,555-0392,259-10-4049,33,F,Southeast,Married,55013.62,18903.93,537,439.64,2024-04-12,2024-11-13,SYS_A,BATCH-6641
Person_393,person_393@example.com,555-0393,384-27-3332,73,M,Central,Married,89158.39,6368.34,697,347.87,2024-04-29,2024-11-15,SYS_B,BATCH-7547
Person_394,person_394@example.com,555-0394,122-64-9346,62,M,North,Single,50904.15,1975.66,751,328.8,2024-10-10,2024-11-02,SYS_B,BATCH-2657
Person_395,person_395@example.com,555-0395,721-49-4781,26,F,East,Married,45074.09,12214.64,728,43.75,2024-03-06,2024-08-02,SYS_B,BATCH-4560
Person_396,person_396@example.com,555-0396,376-22-6385,71,M,South,Widowed,84798.41,21112.92,740,130.11,2024-02-10,2024-07-08,SYS_A,BATCH-1969
Person_397,person_397@example.com,555-0397,609-10-4739,54,F,Northeast,Single,65525.72,,771,303.42,2024-10-06,2024-09-01,SYS_A,BATCH-7336
Person_398,person_398@example.com,555-0398,349-25-7326,73,F,East,Single,70679.21,21257.03,829,163.23,2024-04-15,2024-07-23,SYS_B,BATCH-4938
Person_399,person_399@example.com,555-0399,572-66-7420,65,F,North,Single,35161.49,3253.89,635,632.34,2024-10-06,2024-08-22,SYS_A,BATCH-6734
Person_400,person_400@example.com,555-0400,982-81-6582,39,M,North,Married,29067.29,13141.06,437,14.87,2024-07-13,2024-10-25,SYS_A,BATCH-6082
Person_401,person_401@example.com,555-0401,890-52-9861,51,M,Central,Married,36906.35,17053.08,610,92.99,2024-12-30,2024-10-15,SYS_A,BATCH-3462
Person_402,person_402@example.com,555-0402,784-67-9129,51,M,North,Married,35939.39,16420.73,691,12.95,2024-07-10,2024-08-06,SYS_A,BATCH-2248
Person_403,person_403@example.com,555-0403,563-74-3562,63,Other,Southwest,Married,72627.55,19314.44,355,87.63,2024-11-12,2024-07-02,SYS_A,BATCH-9755
Person_404,person_404@example.com,555-0404,965-65-8037,33,M,South,Divorced,79856.94,7663.61,717,3.33,2024-11-06,2024-08-09,SYS_B,BATCH-3639
Person_405,person_405@example.com,555-0405,514-87-1667,38,M,Northeast,Divorced,45362.22,15519.54,599,1025.16,2024-03-18,2024-09-21,SYS_A,BATCH-1985
Person_406,person_406@example.com,555-0406,202-55-7590,33,M,West,Single,100253.73,18362.58,815,250.24,2024-12-29,2024-11-20,SYS_B,BATCH-3753
Person_407,person_407@example.com,555-0407,827-49-6846,36,Other,West,Married,97171.69,21605.37,416,218.6,2024-09-29,2024-09-04,SYS_A,BATCH-9120
Person_408,person_408@example.com,555-0408,597-95-6886,28,M,North,Single,55364.81,8554.25,799,225.52,2024-02-09,2024-08-20,SYS_A,BATCH-3351
Person_409,person_409@example.com,555-0409,474-96-1965,20,F,Northwest,Single,32501.91,12238.75,546,98.01,2024-01-03,2024-10-08,SYS_B,BATCH-9880
Person_410,person_410@example.com,555-0410,985-23-3593,77,F,Southwest,Widowed,107762.86,-5000.0,616,49.43,2024-04-09,2024-07-12,SYS_B,BATCH-5146
Person_411,person_411@example.com,555-0411,838-75-9732,22,F,North,Married,47547.82,10028.3,663,271.91,2024-01-06,2024-08-09,SYS_A,BATCH-8755
Person_412,person_412@example.com,555-0412,774-66-4118,73,Other,South,,52212.78,10804.68,619,36.86,2024-05-10,2024-07-05,SYS_A,BATCH-6876
Person_413,person_413@example.com,555-0413,104-21-3679,18,F,Midlands,Married,41365.29,6843.32,798,13.36,2024-12-29,2024-10-04,SYS_B,BATCH-1395
Person_414,person_414@example.com,555-0414,136-55-7995,66,F,Central,Married,31417.01,16324.9,392,109.05,2024-06-23,2024-09-18,SYS_A,BATCH-5583
Person_415,person_415@example.com,555-0415,965-53-8874,38,M,South,,23521.74,14552.44,702,232.49,2024-01-09,2024-10-14,SYS_B,BATCH-4751
Person_416,person_416@example.com,555-0416,986-86-5184,50,F,South,Single,67267.61,-3073.71,837,24.56,2024-06-29,2024-10-21,SYS_A,BATCH-2812
Person_417,person_417@example.com,555-0417,392-97-3176,35,F,Northeast,Single,33133.48,16724.06,421,460.42,2024-03-20,2024-09-10,SYS_B,BATCH-5949
Person_418,person_418@example.com,555-0418,470-16-8142,48,F,Southeast,Married,150000.0,7573.41,440,207.13,2024-11-08,2024-12-06,SYS_A,BATCH-1926
Person_419,person_419@example.com,555-0419,684-17-2997,46,F,Central,Single,28480.17,18885.51,561,670.12,2024-02-03,2024-12-15,SYS_B,BATCH-7283
Person_420,person_420@example.com,555-0420,599-58-8217,51,Other,Midlands,Widowed,26142.27,4745.19,699,11.11,2024-10-08,2024-07-19,SYS_B,BATCH-8396
Person_421,person_421@example.com,555-0421,339-92-4999,42,F,Central,Single,63263.85,15240.05,828,3.91,2024-06-11,2024-12-16,SYS_A,BATCH-1832
Person_422,person_422@example.com,555-0422,839-31-1332,51,F,East,Single,105309.27,12734.69,738,75.93,2024-01-07,2024-08-04,SYS_A,BATCH-5313
Person_423,person_423@example.com,555-0423,149-43-9577,70,M,Central,Married,50629.76,17424.82,737,8.36,2024-09-02,2024-08-13,SYS_B,BATCH-6895
Person_424,person_424@example.com,555-0424,143-42-1983,45,M,East,Single,65259.13,15997.58,543,403.21,2024-06-15,2024-10-05,SYS_B,BATCH-1559
Person_425,person_425@example.com,555-0425,937-70-7863,40,M,South,Divorced,20000.0,12958.69,655,329.16,2024-10-08,2024-07-04,SYS_A,BATCH-4503
Person_426,person_426@example.com,555-0426,741-68-7962,26,M,North,Married,34934.99,2709.82,416,133.22,2024-08-13,2024-09-04,SYS_B,BATCH-3322
Person_427,person_427@example.com,555-0427,107-87-7658,40,M,East,Single,28658.12,3182.34,555,49.92,2024-10-14,2024-08-03,SYS_B,BATCH-1353
Person_428,person_428@example.com,555-0428,764-45-8207,25,M,Southeast,Married,20000.0,10328.9,404,201.4,2024-06-17,2024-09-26,SYS_A,BATCH-8235
Person_429,person_429@example.com,555-0429,443-14-9169,29,F,North,Married,51973.54,14933.76,314,204.32,2024-01-03,2024-11-26,SYS_B,BATCH-5001
Person_430,person_430@example.com,555-0430,310-19-6596,77,M,West,Married,20000.0,10134.02,771,400.37,2024-02-17,2024-12-16,SYS_A,BATCH-7764
Person_431,person_431@example.com,555-0431,310-86-4993,23,F,Northeast,Divorced,25308.66,20001.7,743,52.41,2024-06-16,2024-08-07,SYS_B,BATCH-6283
Person_432,person_432@example.com,555-0432,104-94-5631,48,F,Northeast,Married,37474.02,12766.23,581,343.52,2024-05-25,2024-10-07,SYS_A,BATCH-8881
Person_433,person_433@example.com,555-0433,336-70-5774,70,M,Northwest,Married,32349.6,7279.9,307,292.33,2024-10-16,2024-09-24,SYS_B,BATCH-9972
Person_434,person_434@example.com,555-0434,126-77-4611,78,M,Northwest,Single,59766.72,12775.23,349,142.43,2024-05-30,2024-09-13,SYS_B,BATCH-6418
Person_435,person_435@example.com,555-0435,729-89-6494,27,M,Southeast,Married,57113.17,16806.88,361,13.16,2024-11-09,2024-10-24,SYS_B,BATCH-4169
Person_436,person_436@example.com,555-0436,703-32-3138,28,Other,North,Widowed,76641.91,17599.08,695,31.08,2024-03-09,2024-12-29,SYS_B,BATCH-4805
Person_437,person_437@example.com,555-0437,473-85-5717,41,M,Central,Married,71409.91,30027.03,412,28.0,2024-05-20,2024-09-11,SYS_B,BATCH-8427
Person_438,person_438@example.com,555-0438,412-79-8679,52,F,Northeast,Married,86717.1,9648.73,437,197.03,2024-10-03,2024-07-11,SYS_B,BATCH-4839
Person_439,person_439@example.com,555-0439,911-36-7386,78,F,South,Married,48973.8,14412.17,774,481.45,2024-02-15,2024-12-15,SYS_B,BATCH-5677
Person_440,person_440@example.com,555-0440,630-49-4572,31,Other,North,Married,57052.86,18408.99,782,271.28,2024-04-27,2024-12-18,SYS_A,BATCH-2745
Person_441,person_441@example.com,555-0441,202-34-5946,28,M,South,Widowed,63307.36,14812.62,720,67.77,2024-10-01,2024-08-27,SYS_A,BATCH-9909
Person_442,person_442@example.com,555-0442,897-87-2688,33,M,West,Single,52618.78,10995.05,470,237.72,2024-08-02,2024-09-29,SYS_A,BATCH-6856
Person_443,person_443@example.com,555-0443,710-17-7074,73,M,West,Single,40191.18,2605.94,619,286.49,2024-10-10,2024-12-05,SYS_B,BATCH-3971
Person_444,person_444@example.com,555-0444,407-50-7458,19,M,South,Married,41513.7,10913.32,410,1010.94,2024-07-07,2024-09-30,SYS_B,BATCH-6265
Person_445,person_445@example.com,555-0445,481-81-5801,41,M,Northwest,Married,32572.41,6410.38,772,13.17,2024-11-09,2024-09-26,SYS_A,BATCH-4609
Person_446,person_446@example.com,555-0446,997-66-3666,25,F,Midlands,Married,60524.8,1187.15,346,207.22,2024-11-16,2024-12-16,SYS_A,BATCH-2393
Person_447,person_447@example.com,555-0447,796-46-5806,27,F,South,Single,46769.77,8634.57,710,554.89,2024-12-21,2024-11-29,SYS_B,BATCH-8871
Person_448,person_448@example.com,555-0448,223-20-6173,75,F,Midlands,Married,35186.34,6623.27,581,13.96,2024-02-14,2024-09-30,SYS_B,BATCH-8970
Person_449,person_449@example.com,555-0449,267-98-8700,18,F,North,Married,35202.68,19670.29,717,73.4,2024-08-03,2024-07-28,SYS_B,BATCH-8513
Person_450,person_450@example.com,555-0450,730-75-6356,38,M,Midlands,Married,26763.67,19808.73,548,240.76,2024-02-11,2024-09-18,SYS_A,BATCH-4315
Person_451,person_451@example.com,555-0451,154-44-5461,75,F,Midlands,Married,79971.11,7768.97,387,126.6,2024-03-24,2024-11-01,SYS_A,BATCH-3307
Person_452,person_452@example.com,555-0452,922-29-5471,56,F,North,Married,50986.13,,713,176.91,2024-04-19,2024-08-18,SYS_A,BATCH-1447
Person_453,person_453@example.com,555-0453,409-21-1927,22,F,Southeast,Married,31843.86,134.06,647,171.37,2024-08-23,2024-10-06,SYS_B,BATCH-7583
Person_454,person_454@example.com,555-0454,428-17-1604,47,F,Midlands,Married,73443.66,11045.28,555,284.63,2024-06-06,2024-10-28,SYS_B,BATCH-3950
Person_455,person_455@example.com,555-0455,415-27-5992,79,M,Midlands,Married,37040.81,18191.86,505,108.05,2024-11-11,2024-07-14,SYS_B,BATCH-9029
Person_456,person_456@example.com,555-0456,115-36-5079,43,M,Midlands,,24264.02,21599.5,489,305.38,2024-04-18,2024-10-12,SYS_A,BATCH-8827
Person_457,person_457@example.com,555-0457,965-66-8925,51,M,Central,Married,81683.81,9295.62,565,377.95,2024-08-13,2024-11-12,SYS_A,BATCH-2153
Person_458,person_458@example.com,555-0458,408-50-4783,51,M,North,Single,37475.83,23414.84,444,226.6,2024-10-05,2024-08-07,SYS_B,BATCH-9251
Person_459,person_459@example.com,555-0459,897-95-9660,59,F,Southwest,Single,39956.65,2874.46,455,90.45,2024-12-23,2024-10-08,SYS_B,BATCH-2262
Person_460,person_460@example.com,555-0460,776-54-5867,29,M,Northeast,Married,50040.6,5018.98,453,539.46,2024-03-30,2024-11-07,SYS_A,BATCH-5413
Person_461,person_461@example.com,555-0461,981-35-4120,70,F,Northeast,Divorced,86794.16,20677.29,306,8.36,2024-09-24,2024-07-07,SYS_B,BATCH-5264
Person_462,person_462@example.com,555-0462,906-44-3115,80,F,West,Married,49514.39,28368.97,811,170.95,2024-01-31,2024-10-26,SYS_B,BATCH-9606
Person_463,person_463@example.com,555-0463,603-38-9016,26,M,Central,Single,26915.06,18947.46,430,346.84,2024-07-17,2024-08-16,SYS_A,BATCH-6915
Person_464,person_464@example.com,555-0464,917-37-5765,69,M,South,Married,64340.11,14677.26,390,118.8,2024-05-31,2024-09-10,SYS_B,BATCH-8876
Person_465,person_465@example.com,555-0465,984-76-2940,69,F,Southeast,Single,38465.04,-2561.47,383,99.92,2024-12-15,2024-10-26,SYS_B,BATCH-6361
Person_466,person_466@example.com,555-0466,631-65-6880,64,F,North,Married,125990.53,-1179.58,844,32.12,2024-10-09,2024-06-29,SYS_B,BATCH-8426
Person_467,person_467@example.com,555-0467,122-36-8690,41,M,Southeast,Divorced,48993.36,16035.28,562,145.91,2024-12-04,2024-07-02,SYS_A,BATCH-8668
Person_468,person_468@example.com,555-0468,316-36-3902,47,M,Southwest,Married,20000.0,12135.5,480,669.34,2024-11-06,2024-09-19,SYS_B,BATCH-8736
Person_469,person_469@example.com,555-0469,259-23-4122,70,F,Central,Married,58611.28,6153.32,522,8.07,2024-05-29,2024-12-21,SYS_A,BATCH-4704
Person_470,person_470@example.com,555-0470,886-10-3548,27,M,Central,Single,129611.77,15524.26,348,14.85,2024-09-24,2024-06-30,SYS_B,BATCH-4436
Person_471,person_471@example.com,555-0471,154-59-3255,70,F,East,Married,107792.15,15921.05,472,574.34,2024-01-12,2024-11-21,SYS_A,BATCH-9862
Person_472,person_472@example.com,555-0472,811-62-8053,76,M,Midlands,Divorced,122452.34,22555.33,437,1272.47,2024-07-22,2024-07-12,SYS_B,BATCH-7807
Person_473,person_473@example.com,555-0473,670-49-8747,60,M,Southeast,Married,29440.3,16092.82,742,238.61,2024-01-18,2024-09-27,SYS_B,BATCH-9254
Person_474,person_474@example.com,555-0474,528-94-9951,39,F,East,Married,77348.48,24827.15,332,1242.48,2024-09-21,2024-09-16,SYS_A,BATCH-6195
Person_475,person_475@example.com,555-0475,629-70-3300,53,F,South,Married,34166.56,15063.95,534,196.54,2024-12-18,2024-09-23,SYS_A,BATCH-9360
Person_476,person_476@example.com,555-0476,832-69-9122,21,F,South,Single,54838.33,14077.32,735,203.25,2024-09-05,2024-07-14,SYS_A,BATCH-7476
Person_477,person_477@example.com,555-0477,340-80-5232,76,M,West,Single,25939.54,23514.5,759,323.55,2024-11-02,2024-11-15,SYS_B,BATCH-7682
Person_478,person_478@example.com,555-0478,266-25-6058,39,Other,Midlands,Single,35517.19,7172.47,582,940.13,2024-03-26,2024-08-18,SYS_B,BATCH-2599
Person_479,person_479@example.com,555-0479,387-19-4843,21,F,Southeast,Married,34957.09,37515.58,422,85.13,2024-12-28,2024-11-18,SYS_B,BATCH-6101
Person_480,person_480@example.com,555-0480,686-38-9597,68,M,South,Widowed,76824.4,18002.06,485,191.6,2024-07-20,2024-10-28,SYS_A,BATCH-7581
Person_481,person_481@example.com,555-0481,800-55-9410,59,M,Southwest,,73156.74,18046.63,422,676.67,2024-09-03,2024-10-08,SYS_A,BATCH-7848
Person_482,person_482@example.com,555-0482,489-22-1322,57,M,West,Single,56297.75,19200.77,664,633.23,2024-10-08,2024-08-25,SYS_A,BATCH-9617
Person_483,person_483@example.com,555-0483,943-95-7652,21,F,Southwest,Single,24954.0,30017.09,461,562.28,2024-08-21,2024-10-27,SYS_B,BATCH-3942
Person_484,person_484@example.com,555-0484,192-36-1369,65,M,South,Single,41947.76,21340.06,647,300.37,2024-04-25,2024-12-30,SYS_B,BATCH-3723
Person_485,person_485@example.com,555-0485,146-31-6148,58,F,Northeast,,33756.96,2159.55,661,301.14,2024-08-11,2024-12-16,SYS_A,BATCH-9724
Person_486,person_486@example.com,555-0486,158-97-5095,67,M,Midlands,Married,75723.05,26227.76,817,197.56,2024-08-26,2024-12-15,SYS_A,BATCH-9874
Person_487,person_487@example.com,555-0487,337-55-8110,70,Other,South,Married,88352.73,12272.83,504,18.92,2024-11-08,2024-08-08,SYS_B,BATCH-2618
Person_488,person_488@example.com,555-0488,381-14-1458,31,M,Southeast,Divorced,83132.65,15857.24,829,110.18,2024-06-24,2024-10-15,SYS_B,BATCH-4405
Person_489,person_489@example.com,555-0489,865-19-6719,31,F,Midlands,Single,33603.66,4765.97,520,347.14,2024-07-02,2024-09-10,SYS_A,BATCH-9531
Person_490,person_490@example.com,555-0490,445-79-1544,76,M,South,Married,20000.0,19209.62,675,117.14,2024-07-02,2024-12-24,SYS_B,BATCH-2797
Person_491,person_491@example.com,555-0491,907-72-5043,51,M,North,Widowed,20262.34,9789.01,664,84.6,2024-02-11,2024-12-21,SYS_A,BATCH-8047
Person_492,person_492@example.com,555-0492,286-96-3718,45,F,Northeast,Married,99789.03,15801.36,750,5.46,2024-02-02,2024-12-06,SYS_A,BATCH-2010
Person_493,person_493@example.com,555-0493,540-45-3074,36,F,East,Single,40109.66,12727.21,558,412.62,2024-01-08,2024-07-29,SYS_A,BATCH-2604
Person_494,person_494@example.com,555-0494,474-23-1014,58,F,North,Widowed,33679.27,30400.1,736,194.26,2024-08-31,2024-08-26,SYS_B,BATCH-8063
Person_495,person_495@example.com,555-0495,360-19-4732,65,M,Central,Divorced,111449.87,30858.08,495,121.15,2024-06-01,2024-11-07,SYS_B,BATCH-6466
Person_496,person_496@example.com,555-0496,875-24-1011,18,F,Southeast,Married,92279.75,15372.11,570,275.59,2024-11-11,2024-11-14,SYS_A,BATCH-5992
Person_497,person_497@example.com,555-0497,199-55-3473,52,F,East,Married,49623.73,15511.82,575,44.22,2024-09-13,2024-09-01,SYS_B,BATCH-8708
Person_498,person_498@example.com,555-0498,540-12-3997,80,F,East,Single,42331.99,12012.46,688,524.61,2024-02-21,2024-07-24,SYS_B,BATCH-3763
Person_499,person_499@example.com,555-0499,468-48-5959,35,M,Southwest,Divorced,45887.56,23848.05,640,209.54,2024-02-06,2024-07-24,SYS_B,BATCH-5529
Person_500,person_500@example.com,555-0500,801-51-8569,35,F,Central,Married,54917.17,12368.64,343,502.5,2024-05-13,2024-11-02,SYS_B,BATCH-6475
